long_edit,sc,usageKey,scientificName,canonicalName,rank,status,confidence,matchType,kingdom,phylum,order,family,genus,species,kingdomKey,phylumKey,classKey,orderKey,familyKey,genusKey,speciesKey,synonym,class,acceptedUsageKey,verbatim_name,verbatim_index
Achillea ptarmica,5522,3120333,Achillea ptarmica L.,Achillea ptarmica,SPECIES,ACCEPTED,98,EXACT,Plantae,Tracheophyta,Asterales,Asteraceae,Achillea,Achillea ptarmica,6,7707728,220,414,3065,3119995,3120333,FALSE,Magnoliopsida,NA,Achillea ptarmica,1
Acorus calamus,6549,2873769,Acorus calamus L.,Acorus calamus,SPECIES,ACCEPTED,99,EXACT,Plantae,Tracheophyta,Acorales,Acoraceae,Acorus,Acorus calamus,6,7707728,196,7227341,3719,2730063,2873769,FALSE,Liliopsida,NA,Acorus calamus,2
Aegopodium podagraria,4153,3034620,Aegopodium podagraria L.,Aegopodium podagraria,SPECIES,ACCEPTED,99,EXACT,Plantae,Tracheophyta,Apiales,Apiaceae,Aegopodium,Aegopodium podagraria,6,7707728,220,1351,6720,3034619,3034620,FALSE,Magnoliopsida,NA,Aegopodium podagraria,3
Agrostis canina,7170,2706465,Agrostis canina L.,Agrostis canina,SPECIES,ACCEPTED,97,EXACT,Plantae,Tracheophyta,Poales,Poaceae,Agrostis,Agrostis canina,6,7707728,196,1369,3073,2706434,2706465,FALSE,Liliopsida,NA,Agrostis canina,4
Agrostis capillaris,7182,2706490,Agrostis capillaris L.,Agrostis capillaris,SPECIES,ACCEPTED,97,EXACT,Plantae,Tracheophyta,Poales,Poaceae,Agrostis,Agrostis capillaris,6,7707728,196,1369,3073,2706434,2706490,FALSE,Liliopsida,NA,Agrostis capillaris,5
Agrostis gigantea,7186,2706541,Agrostis gigantea Roth,Agrostis gigantea,SPECIES,ACCEPTED,99,EXACT,Plantae,Tracheophyta,Poales,Poaceae,Agrostis,Agrostis gigantea,6,7707728,196,1369,3073,2706434,2706541,FALSE,Liliopsida,NA,Agrostis gigantea,6
Agrostis stolonifera,7189,2706435,Agrostis stolonifera L.,Agrostis stolonifera,SPECIES,ACCEPTED,97,EXACT,Plantae,Tracheophyta,Poales,Poaceae,Agrostis,Agrostis stolonifera,6,7707728,196,1369,3073,2706434,2706435,FALSE,Liliopsida,NA,Agrostis stolonifera,7
Alisma plantago-aquatica,6409,2865100,Alisma plantago-aquatica L.,Alisma plantago-aquatica,SPECIES,ACCEPTED,99,EXACT,Plantae,Tracheophyta,Alismatales,Alismataceae,Alisma,Alisma plantago-aquatica,6,7707728,196,551,3720,2865099,2865100,FALSE,Liliopsida,NA,Alisma plantago-aquatica,8
Alopecurus geniculatus,7240,5290090,Alopecurus geniculatus L.,Alopecurus geniculatus,SPECIES,ACCEPTED,97,EXACT,Plantae,Tracheophyta,Poales,Poaceae,Alopecurus,Alopecurus geniculatus,6,7707728,196,1369,3073,2705236,5290090,FALSE,Liliopsida,NA,Alopecurus geniculatus,9
Alopecurus pratensis,7235,5290081,Alopecurus pratensis L.,Alopecurus pratensis,SPECIES,ACCEPTED,97,EXACT,Plantae,Tracheophyta,Poales,Poaceae,Alopecurus,Alopecurus pratensis,6,7707728,196,1369,3073,2705236,5290081,FALSE,Liliopsida,NA,Alopecurus pratensis,10
Angelica sylvestris,4231,5371818,Angelica sylvestris L.,Angelica sylvestris,SPECIES,ACCEPTED,99,EXACT,Plantae,Tracheophyta,Apiales,Apiaceae,Angelica,Angelica sylvestris,6,7707728,220,1351,6720,3034560,5371818,FALSE,Magnoliopsida,NA,Angelica sylvestris,11
Anthriscus sylvestris,4128,5371742,Anthriscus sylvestris (L.) Hoffm.,Anthriscus sylvestris,SPECIES,ACCEPTED,99,EXACT,Plantae,Tracheophyta,Apiales,Apiaceae,Anthriscus,Anthriscus sylvestris,6,7707728,220,1351,6720,7776779,5371742,FALSE,Magnoliopsida,NA,Anthriscus sylvestris,12
Argentina anserina,3130,5367246,Argentina anserina (L.) Rydb.,Argentina anserina,SPECIES,ACCEPTED,99,EXACT,Plantae,Tracheophyta,Rosales,Rosaceae,Argentina,Argentina anserina,6,7707728,220,691,5015,3026341,5367246,FALSE,Magnoliopsida,NA,Argentina anserina,13
Arrhenatherum elatius,7105,2704505,Arrhenatherum elatius (L.) P.Beauv. ex J.Presl & C.Presl.,Arrhenatherum elatius,SPECIES,ACCEPTED,97,EXACT,Plantae,Tracheophyta,Poales,Poaceae,Arrhenatherum,Arrhenatherum elatius,6,7707728,196,1369,3073,2704504,2704505,FALSE,Liliopsida,NA,Arrhenatherum elatius,14
Artemisia vulgaris,5576,3120946,Artemisia vulgaris L.,Artemisia vulgaris,SPECIES,ACCEPTED,97,EXACT,Plantae,Tracheophyta,Asterales,Asteraceae,Artemisia,Artemisia vulgaris,6,7707728,220,414,3065,3120641,3120946,FALSE,Magnoliopsida,NA,Artemisia vulgaris,15
Athyrium filix-femina,1163,5275044,Athyrium filix-femina (L.) Roth,Athyrium filix-femina,SPECIES,ACCEPTED,97,EXACT,Plantae,Tracheophyta,Polypodiales,Athyriaceae,Athyrium,Athyrium filix-femina,6,7707728,7228684,392,4922264,2650888,5275044,FALSE,Polypodiopsida,NA,Athyrium filix-femina,16
Berula erecta,4158,3034699,Berula erecta (Huds.) Coville,Berula erecta,SPECIES,ACCEPTED,98,EXACT,Plantae,Tracheophyta,Apiales,Apiaceae,Berula,Berula erecta,6,7707728,220,1351,6720,7607352,3034699,FALSE,Magnoliopsida,NA,Berula erecta,17
Bidens cernua,5464,5391710,Bidens cernua L.,Bidens cernua,SPECIES,ACCEPTED,99,EXACT,Plantae,Tracheophyta,Asterales,Asteraceae,Bidens,Bidens cernua,6,7707728,220,414,3065,3105856,5391710,FALSE,Magnoliopsida,NA,Bidens cernua,18
Bidens tripartita,5461,5391862,Bidens tripartita L.,Bidens tripartita,SPECIES,ACCEPTED,97,EXACT,Plantae,Tracheophyta,Asterales,Asteraceae,Bidens,Bidens tripartita,6,7707728,220,414,3065,3105856,5391862,FALSE,Magnoliopsida,NA,Bidens tripartita,19
Butomus umbellatus,6419,2864467,Butomus umbellatus L.,Butomus umbellatus,SPECIES,ACCEPTED,99,EXACT,Plantae,Tracheophyta,Alismatales,Butomaceae,Butomus,Butomus umbellatus,6,7707728,196,551,6980,2864463,2864467,FALSE,Liliopsida,NA,Butomus umbellatus,20
Calamagrostis canescens,7208,4108861,Calamagrostis canescens (Weber) Roth,Calamagrostis canescens,SPECIES,ACCEPTED,97,EXACT,Plantae,Tracheophyta,Poales,Poaceae,Calamagrostis,Calamagrostis canescens,6,7707728,196,1369,3073,2704858,4108861,FALSE,Liliopsida,NA,Calamagrostis canescens,21
Caltha palustris,2218,5371685,Caltha palustris L.,Caltha palustris,SPECIES,ACCEPTED,99,EXACT,Plantae,Tracheophyta,Ranunculales,Ranunculaceae,Caltha,Caltha palustris,6,7707728,220,399,2410,3033282,5371685,FALSE,Magnoliopsida,NA,Caltha palustris,22
Callitriche platycarpa,4712,7886879,Callitriche platycarpa Kütz.,Callitriche platycarpa,SPECIES,ACCEPTED,99,EXACT,Plantae,Tracheophyta,Lamiales,Plantaginaceae,Callitriche,Callitriche platycarpa,6,7707728,220,408,2420,3039547,7886879,FALSE,Magnoliopsida,NA,Callitriche platycarpa,23
Calystegia sepium,4564,2928441,Calystegia sepium (L.) R.Br.,Calystegia sepium,SPECIES,ACCEPTED,98,EXACT,Plantae,Tracheophyta,Solanales,Convolvulaceae,Calystegia,Calystegia sepium,6,7707728,220,1176,2389,2928418,2928441,FALSE,Magnoliopsida,NA,Calystegia sepium,24
Callitriche,4707,3039547,Callitriche L.,Callitriche,GENUS,ACCEPTED,92,EXACT,Plantae,Tracheophyta,Lamiales,Plantaginaceae,Callitriche,NA,6,7707728,220,408,2420,3039547,NA,FALSE,Magnoliopsida,NA,Callitriche,25
Carex acutiformis,7611,2723099,Carex acutiformis Ehrh.,Carex acutiformis,SPECIES,ACCEPTED,97,EXACT,Plantae,Tracheophyta,Poales,Cyperaceae,Carex,Carex acutiformis,6,7707728,196,1369,7708,2721893,2723099,FALSE,Liliopsida,NA,Carex acutiformis,26
Carex acuta,7772,2722833,Carex acuta L.,Carex acuta,SPECIES,ACCEPTED,97,EXACT,Plantae,Tracheophyta,Poales,Cyperaceae,Carex,Carex acuta,6,7707728,196,1369,7708,2721893,2722833,FALSE,Liliopsida,NA,Carex acuta,27
Cardamine amara,2572,3046044,Cardamine amara L.,Cardamine amara,SPECIES,ACCEPTED,98,EXACT,Plantae,Tracheophyta,Brassicales,Brassicaceae,Cardamine,Cardamine amara,6,7707728,220,7225535,3112,3045622,3046044,FALSE,Magnoliopsida,NA,Cardamine amara,28
Carex hirta,7604,2724661,Carex hirta L.,Carex hirta,SPECIES,ACCEPTED,98,EXACT,Plantae,Tracheophyta,Poales,Cyperaceae,Carex,Carex hirta,6,7707728,196,1369,7708,2721893,2724661,FALSE,Liliopsida,NA,Carex hirta,29
Carex nigra,7762,2724925,Carex nigra (L.) Reichard,Carex nigra,SPECIES,ACCEPTED,97,EXACT,Plantae,Tracheophyta,Poales,Cyperaceae,Carex,Carex nigra,6,7707728,196,1369,7708,2721893,2724925,FALSE,Liliopsida,NA,Carex nigra,30
Carex paniculata,7514,2723371,Carex paniculata L.,Carex paniculata,SPECIES,ACCEPTED,98,EXACT,Plantae,Tracheophyta,Poales,Cyperaceae,Carex,Carex paniculata,6,7707728,196,1369,7708,2721893,2723371,FALSE,Liliopsida,NA,Carex paniculata,31
Cardamine pratensis,2573,7972010,Cardamine pratensis L.,Cardamine pratensis,SPECIES,ACCEPTED,97,EXACT,Plantae,Tracheophyta,Brassicales,Brassicaceae,Cardamine,Cardamine pratensis,6,7707728,220,7225535,3112,3045622,7972010,FALSE,Magnoliopsida,NA,Cardamine pratensis,32
Carex remota,7544,2727294,Carex remota L.,Carex remota,SPECIES,ACCEPTED,99,EXACT,Plantae,Tracheophyta,Poales,Cyperaceae,Carex,Carex remota,6,7707728,196,1369,7708,2721893,2727294,FALSE,Liliopsida,NA,Carex remota,33
Carex riparia,7612,2718117,Carex riparia Curtis,Carex riparia,SPECIES,ACCEPTED,97,EXACT,Plantae,Tracheophyta,Poales,Cyperaceae,Carex,Carex riparia,6,7707728,196,1369,7708,2721893,2718117,FALSE,Liliopsida,NA,Carex riparia,34
Carex rostrata,7618,2726725,Carex rostrata Stokes,Carex rostrata,SPECIES,ACCEPTED,97,EXACT,Plantae,Tracheophyta,Poales,Cyperaceae,Carex,Carex rostrata,6,7707728,196,1369,7708,2721893,2726725,FALSE,Liliopsida,NA,Carex rostrata,35
Carex sylvatica,7635,2722602,Carex sylvatica Huds.,Carex sylvatica,SPECIES,ACCEPTED,97,EXACT,Plantae,Tracheophyta,Poales,Cyperaceae,Carex,Carex sylvatica,6,7707728,196,1369,7708,2721893,2722602,FALSE,Liliopsida,NA,Carex sylvatica,36
Carex vesicaria,7625,2722046,Carex vesicaria L.,Carex vesicaria,SPECIES,ACCEPTED,97,EXACT,Plantae,Tracheophyta,Poales,Cyperaceae,Carex,Carex vesicaria,6,7707728,196,1369,7708,2721893,2722046,FALSE,Liliopsida,NA,Carex vesicaria,37
Catabrosa aquatica,6941,2705315,Catabrosa aquatica (L.) P.Beauv.,Catabrosa aquatica,SPECIES,ACCEPTED,97,EXACT,Plantae,Tracheophyta,Poales,Poaceae,Catabrosa,Catabrosa aquatica,6,7707728,196,1369,3073,2705314,2705315,FALSE,Liliopsida,NA,Catabrosa aquatica,38
Ceratophyllum demersum,2394,2882398,Ceratophyllum demersum L.,Ceratophyllum demersum,SPECIES,ACCEPTED,97,EXACT,Plantae,Tracheophyta,Ceratophyllales,Ceratophyllaceae,Ceratophyllum,Ceratophyllum demersum,6,7707728,220,7224003,2425,2882396,2882398,FALSE,Magnoliopsida,NA,Ceratophyllum demersum,39
Cerastium fontanum,2018,3085458,Cerastium fontanum Baumg.,Cerastium fontanum,SPECIES,ACCEPTED,99,EXACT,Plantae,Tracheophyta,Caryophyllales,Caryophyllaceae,Cerastium,Cerastium fontanum,6,7707728,220,422,2518,2873815,3085458,FALSE,Magnoliopsida,NA,Cerastium fontanum,40
Chrysosplenium alternifolium,2866,7339315,Chrysosplenium alternifolium L.,Chrysosplenium alternifolium,SPECIES,ACCEPTED,99,EXACT,Plantae,Tracheophyta,Saxifragales,Saxifragaceae,Chrysosplenium,Chrysosplenium alternifolium,6,7707728,220,7219248,2402,3032632,7339315,FALSE,Magnoliopsida,NA,Chrysosplenium alternifolium,41
Chrysosplenium oppositifolium,2868,7526486,Chrysosplenium oppositifolium L.,Chrysosplenium oppositifolium,SPECIES,ACCEPTED,97,EXACT,Plantae,Tracheophyta,Saxifragales,Saxifragaceae,Chrysosplenium,Chrysosplenium oppositifolium,6,7707728,220,7219248,2402,3032632,7526486,FALSE,Magnoliopsida,NA,Chrysosplenium oppositifolium,42
Cicuta virosa,4207,5371864,Cicuta virosa L.,Cicuta virosa,SPECIES,ACCEPTED,99,EXACT,Plantae,Tracheophyta,Apiales,Apiaceae,Cicuta,Cicuta virosa,6,7707728,220,1351,6720,5371861,5371864,FALSE,Magnoliopsida,NA,Cicuta virosa,43
Cirsium arvense,5707,3113414,Cirsium arvense (L.) Scop.,Cirsium arvense,SPECIES,ACCEPTED,98,EXACT,Plantae,Tracheophyta,Asterales,Asteraceae,Cirsium,Cirsium arvense,6,7707728,220,414,3065,3112554,3113414,FALSE,Magnoliopsida,NA,Cirsium arvense,44
Circaea lutetiana,3985,3188794,Circaea lutetiana L.,Circaea lutetiana,SPECIES,ACCEPTED,98,EXACT,Plantae,Tracheophyta,Myrtales,Onagraceae,Circaea,Circaea lutetiana,6,7707728,220,690,2430,3188793,3188794,FALSE,Magnoliopsida,NA,Circaea lutetiana,45
Cirsium oleraceum,5698,3113650,Cirsium oleraceum (L.) Scop.,Cirsium oleraceum,SPECIES,ACCEPTED,99,EXACT,Plantae,Tracheophyta,Asterales,Asteraceae,Cirsium,Cirsium oleraceum,6,7707728,220,414,3065,3112554,3113650,FALSE,Magnoliopsida,NA,Cirsium oleraceum,46
Cirsium palustre,5706,3113239,Cirsium palustre (L.) Scop.,Cirsium palustre,SPECIES,ACCEPTED,97,EXACT,Plantae,Tracheophyta,Asterales,Asteraceae,Cirsium,Cirsium palustre,6,7707728,220,414,3065,3112554,3113239,FALSE,Magnoliopsida,NA,Cirsium palustre,47
Comarum palustre,3129,3020532,Comarum palustre L.,Comarum palustre,SPECIES,ACCEPTED,99,EXACT,Plantae,Tracheophyta,Rosales,Rosaceae,Comarum,Comarum palustre,6,7707728,220,691,5015,3020531,3020532,FALSE,Magnoliopsida,NA,Comarum palustre,48
Convolvulus arvensis,4573,2928390,Convolvulus arvensis L.,Convolvulus arvensis,SPECIES,ACCEPTED,99,EXACT,Plantae,Tracheophyta,Solanales,Convolvulaceae,Convolvulus,Convolvulus arvensis,6,7707728,220,1176,2389,2928386,2928390,FALSE,Magnoliopsida,NA,Convolvulus arvensis,49
Dactylis glomerata,6927,2705308,Dactylis glomerata L.,Dactylis glomerata,SPECIES,ACCEPTED,99,EXACT,Plantae,Tracheophyta,Poales,Poaceae,Dactylis,Dactylis glomerata,6,7707728,196,1369,3073,2705307,2705308,FALSE,Liliopsida,NA,Dactylis glomerata,50
Deschampsia cespitosa,7130,8059811,Deschampsia cespitosa (L.) P.Beauv.,Deschampsia cespitosa,SPECIES,ACCEPTED,98,EXACT,Plantae,Tracheophyta,Poales,Poaceae,Deschampsia,Deschampsia cespitosa,6,7707728,196,1369,3073,2703131,8059811,FALSE,Liliopsida,NA,Deschampsia cespitosa,51
Dryopteris filix-mas,1187,5275132,Dryopteris filix-mas (L.) Schott,Dryopteris filix-mas,SPECIES,ACCEPTED,98,EXACT,Plantae,Tracheophyta,Polypodiales,Dryopteridaceae,Dryopteris,Dryopteris filix-mas,6,7707728,7228684,392,2373,2651126,5275132,FALSE,Polypodiopsida,NA,Dryopteris filix-mas,52
Elodea canadensis,6427,2865448,Elodea canadensis Michx.,Elodea canadensis,SPECIES,ACCEPTED,97,EXACT,Plantae,Tracheophyta,Alismatales,Hydrocharitaceae,Elodea,Elodea canadensis,6,7707728,196,551,3721,7454696,2865448,FALSE,Liliopsida,NA,Elodea canadensis,53
Elytrigia repens,7032,2706649,Elytrigia repens (L.) Nevski,Elytrigia repens,SPECIES,SYNONYM,97,EXACT,Plantae,Tracheophyta,Poales,Poaceae,Elymus,Elymus repens,6,7707728,196,1369,3073,10465436,5290299,TRUE,Liliopsida,5290299,Elytrigia repens,54
Epilobium adenocaulon,4058,6427720,Epilobium adenocaulon Hausskn.,Epilobium adenocaulon,SPECIES,SYNONYM,98,EXACT,Plantae,Tracheophyta,Myrtales,Onagraceae,Epilobium,Epilobium ciliatum,6,7707728,220,690,2430,3189067,9188840,TRUE,Magnoliopsida,8421733,Epilobium adenocaulon,55
Chamaenerion angustifolium,4001,6428353,Chamaenerion angustifolium (L.) Scop.,Chamaenerion angustifolium,SPECIES,ACCEPTED,97,EXACT,Plantae,Tracheophyta,Myrtales,Onagraceae,Chamaenerion,Chamaenerion angustifolium,6,7707728,220,690,2430,8406741,6428353,FALSE,Magnoliopsida,NA,Chamaenerion angustifolium,56
Epilobium hirsutum,4003,3189172,Epilobium hirsutum L.,Epilobium hirsutum,SPECIES,ACCEPTED,97,EXACT,Plantae,Tracheophyta,Myrtales,Onagraceae,Epilobium,Epilobium hirsutum,6,7707728,220,690,2430,3189067,3189172,FALSE,Magnoliopsida,NA,Epilobium hirsutum,57
Epilobium montanum,4012,3664083,Epilobium montanum L.,Epilobium montanum,SPECIES,ACCEPTED,97,EXACT,Plantae,Tracheophyta,Myrtales,Onagraceae,Epilobium,Epilobium montanum,6,7707728,220,690,2430,3189067,3664083,FALSE,Magnoliopsida,NA,Epilobium montanum,58
Epilobium obscurum,4029,3189152,Epilobium obscurum Schreb.,Epilobium obscurum,SPECIES,ACCEPTED,97,EXACT,Plantae,Tracheophyta,Myrtales,Onagraceae,Epilobium,Epilobium obscurum,6,7707728,220,690,2430,3189067,3189152,FALSE,Magnoliopsida,NA,Epilobium obscurum,59
Epilobium palustre,4035,3189080,Epilobium palustre L.,Epilobium palustre,SPECIES,ACCEPTED,97,EXACT,Plantae,Tracheophyta,Myrtales,Onagraceae,Epilobium,Epilobium palustre,6,7707728,220,690,2430,3189067,3189080,FALSE,Magnoliopsida,NA,Epilobium palustre,60
Epilobium parviflorum,4009,3189157,Epilobium parviflorum Schreb.,Epilobium parviflorum,SPECIES,ACCEPTED,97,EXACT,Plantae,Tracheophyta,Myrtales,Onagraceae,Epilobium,Epilobium parviflorum,6,7707728,220,690,2430,3189067,3189157,FALSE,Magnoliopsida,NA,Epilobium parviflorum,61
Epilobium roseum,4033,3666800,Epilobium roseum Schreb.,Epilobium roseum,SPECIES,ACCEPTED,97,EXACT,Plantae,Tracheophyta,Myrtales,Onagraceae,Epilobium,Epilobium roseum,6,7707728,220,690,2430,3189067,3666800,FALSE,Magnoliopsida,NA,Epilobium roseum,62
Epilobium tetragonum,4068,7322563,Epilobium tetragonum L.,Epilobium tetragonum,SPECIES,ACCEPTED,97,EXACT,Plantae,Tracheophyta,Myrtales,Onagraceae,Epilobium,Epilobium tetragonum,6,7707728,220,690,2430,3189067,7322563,FALSE,Magnoliopsida,NA,Epilobium tetragonum,63
Equisetum palustre,1097,2687932,Equisetum palustre L.,Equisetum palustre,SPECIES,ACCEPTED,99,EXACT,Plantae,Tracheophyta,Equisetales,Equisetaceae,Equisetum,Equisetum palustre,6,7707728,7228684,954,3105,2687913,2687932,FALSE,Polypodiopsida,NA,Equisetum palustre,64
Equisetum arvense,1101,7924597,Equisetum arvense L.,Equisetum arvense,SPECIES,ACCEPTED,97,EXACT,Plantae,Tracheophyta,Equisetales,Equisetaceae,Equisetum,Equisetum arvense,6,7707728,7228684,954,3105,2687913,7924597,FALSE,Polypodiopsida,NA,Equisetum arvense,65
Equisetum fluviatile,1096,2687937,Equisetum fluviatile L.,Equisetum fluviatile,SPECIES,ACCEPTED,97,EXACT,Plantae,Tracheophyta,Equisetales,Equisetaceae,Equisetum,Equisetum fluviatile,6,7707728,7228684,954,3105,2687913,2687937,FALSE,Polypodiopsida,NA,Equisetum fluviatile,66
Eupatorium cannabinum,5362,5402943,Eupatorium cannabinum L.,Eupatorium cannabinum,SPECIES,ACCEPTED,99,EXACT,Plantae,Tracheophyta,Asterales,Asteraceae,Eupatorium,Eupatorium cannabinum,6,7707728,220,414,3065,3142374,5402943,FALSE,Magnoliopsida,NA,Eupatorium cannabinum,67
Festuca rubra,6816,2704922,Festuca rubra L.,Festuca rubra,SPECIES,ACCEPTED,98,EXACT,Plantae,Tracheophyta,Poales,Poaceae,Festuca,Festuca rubra,6,7707728,196,1369,3073,2704913,2704922,FALSE,Liliopsida,NA,Festuca rubra,68
Filipendula ulmaria,2934,2987999,Filipendula ulmaria (L.) Maxim.,Filipendula ulmaria,SPECIES,ACCEPTED,98,EXACT,Plantae,Tracheophyta,Rosales,Rosaceae,Filipendula,Filipendula ulmaria,6,7707728,220,691,5015,2987968,2987999,FALSE,Magnoliopsida,NA,Filipendula ulmaria,69
Galium aparine,4522,2913548,Galium aparine L.,Galium aparine,SPECIES,ACCEPTED,99,EXACT,Plantae,Tracheophyta,Gentianales,Rubiaceae,Galium,Galium aparine,6,7707728,220,412,8798,2913027,2913548,FALSE,Magnoliopsida,NA,Galium aparine,70
Galeopsis bifida,4747,5341303,Galeopsis bifida Boenn.,Galeopsis bifida,SPECIES,ACCEPTED,99,EXACT,Plantae,Tracheophyta,Lamiales,Lamiaceae,Galeopsis,Galeopsis bifida,6,7707728,220,408,2497,8423109,5341303,FALSE,Magnoliopsida,NA,Galeopsis bifida,71
Galium odoratum,4488,2914642,Galium odoratum (L.) Scop.,Galium odoratum,SPECIES,ACCEPTED,98,EXACT,Plantae,Tracheophyta,Gentianales,Rubiaceae,Galium,Galium odoratum,6,7707728,220,412,8798,2913027,2914642,FALSE,Magnoliopsida,NA,Galium odoratum,72
Galium palustre,4491,2913130,Galium palustre L.,Galium palustre,SPECIES,ACCEPTED,97,EXACT,Plantae,Tracheophyta,Gentianales,Rubiaceae,Galium,Galium palustre,6,7707728,220,412,8798,2913027,2913130,FALSE,Magnoliopsida,NA,Galium palustre,73
Galeopsis speciosa,4745,5341305,Galeopsis speciosa Mill.,Galeopsis speciosa,SPECIES,ACCEPTED,99,EXACT,Plantae,Tracheophyta,Lamiales,Lamiaceae,Galeopsis,Galeopsis speciosa,6,7707728,220,408,2497,8423109,5341305,FALSE,Magnoliopsida,NA,Galeopsis speciosa,74
Galeopsis tetrahit,4746,5341300,Galeopsis tetrahit L.,Galeopsis tetrahit,SPECIES,ACCEPTED,99,EXACT,Plantae,Tracheophyta,Lamiales,Lamiaceae,Galeopsis,Galeopsis tetrahit,6,7707728,220,408,2497,8423109,5341300,FALSE,Magnoliopsida,NA,Galeopsis tetrahit,75
Galium uliginosum,4490,2913556,Galium uliginosum L.,Galium uliginosum,SPECIES,ACCEPTED,97,EXACT,Plantae,Tracheophyta,Gentianales,Rubiaceae,Galium,Galium uliginosum,6,7707728,220,412,8798,2913027,2913556,FALSE,Magnoliopsida,NA,Galium uliginosum,76
Geranium robertianum,3665,2890668,Geranium robertianum L.,Geranium robertianum,SPECIES,ACCEPTED,99,EXACT,Plantae,Tracheophyta,Geraniales,Geraniaceae,Geranium,Geranium robertianum,6,7707728,220,624,4676,2889949,2890668,FALSE,Magnoliopsida,NA,Geranium robertianum,77
Geum rivale,3114,5369701,Geum rivale L.,Geum rivale,SPECIES,ACCEPTED,97,EXACT,Plantae,Tracheophyta,Rosales,Rosaceae,Geum,Geum rivale,6,7707728,220,691,5015,3024294,5369701,FALSE,Magnoliopsida,NA,Geum rivale,78
Geum urbanum,3116,5369652,Geum urbanum L.,Geum urbanum,SPECIES,ACCEPTED,97,EXACT,Plantae,Tracheophyta,Rosales,Rosaceae,Geum,Geum urbanum,6,7707728,220,691,5015,3024294,5369652,FALSE,Magnoliopsida,NA,Geum urbanum,79
Glechoma hederacea,4789,2926557,Glechoma hederacea L.,Glechoma hederacea,SPECIES,ACCEPTED,99,EXACT,Plantae,Tracheophyta,Lamiales,Lamiaceae,Glechoma,Glechoma hederacea,6,7707728,220,408,2497,2926556,2926557,FALSE,Magnoliopsida,NA,Glechoma hederacea,80
Glyceria declinata,6967,2705488,Glyceria declinata Bréb.,Glyceria declinata,SPECIES,ACCEPTED,99,EXACT,Plantae,Tracheophyta,Poales,Poaceae,Glyceria,Glyceria declinata,6,7707728,196,1369,3073,2705475,2705488,FALSE,Liliopsida,NA,Glyceria declinata,81
Glyceria fluitans,6969,2705495,Glyceria fluitans (L.) R.Br.,Glyceria fluitans,SPECIES,ACCEPTED,98,EXACT,Plantae,Tracheophyta,Poales,Poaceae,Glyceria,Glyceria fluitans,6,7707728,196,1369,3073,2705475,2705495,FALSE,Liliopsida,NA,Glyceria fluitans,82
Glyceria maxima,6964,2705484,Glyceria maxima (Hartm.) Holmb.,Glyceria maxima,SPECIES,ACCEPTED,98,EXACT,Plantae,Tracheophyta,Poales,Poaceae,Glyceria,Glyceria maxima,6,7707728,196,1369,3073,2705475,2705484,FALSE,Liliopsida,NA,Glyceria maxima,83
Glyceria notata,6971,4105780,Glyceria notata Chevall.,Glyceria notata,SPECIES,ACCEPTED,99,EXACT,Plantae,Tracheophyta,Poales,Poaceae,Glyceria,Glyceria notata,6,7707728,196,1369,3073,2705475,4105780,FALSE,Liliopsida,NA,Glyceria notata,84
Hippuris vulgaris,4083,5372503,Hippuris vulgaris L.,Hippuris vulgaris,SPECIES,ACCEPTED,99,EXACT,Plantae,Tracheophyta,Lamiales,Plantaginaceae,Hippuris,Hippuris vulgaris,6,7707728,220,408,2420,3039572,5372503,FALSE,Magnoliopsida,NA,Hippuris vulgaris,85
Holcus lanatus,7164,2706164,Holcus lanatus L.,Holcus lanatus,SPECIES,ACCEPTED,99,EXACT,Plantae,Tracheophyta,Poales,Poaceae,Holcus,Holcus lanatus,6,7707728,196,1369,3073,2706162,2706164,FALSE,Liliopsida,NA,Holcus lanatus,86
Holcus mollis,7166,2706163,Holcus mollis L.,Holcus mollis,SPECIES,ACCEPTED,99,EXACT,Plantae,Tracheophyta,Poales,Poaceae,Holcus,Holcus mollis,6,7707728,196,1369,3073,2706162,2706163,FALSE,Liliopsida,NA,Holcus mollis,87
Hydrocharis morsus-ranae,6423,5329266,Hydrocharis morsus-ranae L.,Hydrocharis morsus-ranae,SPECIES,ACCEPTED,99,EXACT,Plantae,Tracheophyta,Alismatales,Hydrocharitaceae,Hydrocharis,Hydrocharis morsus-ranae,6,7707728,196,551,3721,2865596,5329266,FALSE,Liliopsida,NA,Hydrocharis morsus-ranae,88
Hydrocotyle vulgaris,4106,3034606,Hydrocotyle vulgaris L.,Hydrocotyle vulgaris,SPECIES,ACCEPTED,97,EXACT,Plantae,Tracheophyta,Apiales,Apiaceae,Hydrocotyle,Hydrocotyle vulgaris,6,7707728,220,1351,6720,3034601,3034606,FALSE,Magnoliopsida,NA,Hydrocotyle vulgaris,89
Impatiens noli-tangere,3337,2891779,Impatiens noli-tangere L.,Impatiens noli-tangere,SPECIES,ACCEPTED,97,EXACT,Plantae,Tracheophyta,Ericales,Balsaminaceae,Impatiens,Impatiens noli-tangere,6,7707728,220,1353,6699,2891766,2891779,FALSE,Magnoliopsida,NA,Impatiens noli-tangere,90
Iris pseudacorus,6702,5298231,Iris pseudacorus L.,Iris pseudacorus,SPECIES,ACCEPTED,99,EXACT,Plantae,Tracheophyta,Asparagales,Iridaceae,Iris,Iris pseudacorus,6,7707728,196,1169,7698,2748017,5298231,FALSE,Liliopsida,NA,Iris pseudacorus,91
Juncus articulatus,6763,2701261,Juncus articulatus L.,Juncus articulatus,SPECIES,ACCEPTED,97,EXACT,Plantae,Tracheophyta,Poales,Juncaceae,Juncus,Juncus articulatus,6,7707728,196,1369,5353,2701072,2701261,FALSE,Liliopsida,NA,Juncus articulatus,92
Juncus bufonius,6740,6413649,Juncus bufonius L.,Juncus bufonius,SPECIES,ACCEPTED,99,EXACT,Plantae,Tracheophyta,Poales,Juncaceae,Juncus,Juncus bufonius,6,7707728,196,1369,5353,2701072,6413649,FALSE,Liliopsida,NA,Juncus bufonius,93
Juncus bulbosus,6747,2701339,Juncus bulbosus L.,Juncus bulbosus,SPECIES,ACCEPTED,98,EXACT,Plantae,Tracheophyta,Poales,Juncaceae,Juncus,Juncus bulbosus,6,7707728,196,1369,5353,2701072,2701339,FALSE,Liliopsida,NA,Juncus bulbosus,94
Juncus effusus,6727,2701311,Juncus effusus L.,Juncus effusus,SPECIES,ACCEPTED,98,EXACT,Plantae,Tracheophyta,Poales,Juncaceae,Juncus,Juncus effusus,6,7707728,196,1369,5353,2701072,2701311,FALSE,Liliopsida,NA,Juncus effusus,95
Lamiastrum galeobdolon,4873,2927323,Lamiastrum galeobdolon (L.) Ehrend. & Polatschek,Lamiastrum galeobdolon,SPECIES,SYNONYM,98,EXACT,Plantae,Tracheophyta,Lamiales,Lamiaceae,Lamium,Lamium galeobdolon,6,7707728,220,408,2497,2926678,2927324,TRUE,Magnoliopsida,2927324,Lamiastrum galeobdolon,96
Lathyrus pratensis,3449,5356701,Lathyrus pratensis L.,Lathyrus pratensis,SPECIES,ACCEPTED,99,EXACT,Plantae,Tracheophyta,Fabales,Fabaceae,Lathyrus,Lathyrus pratensis,6,7707728,220,1370,5386,10356062,5356701,FALSE,Magnoliopsida,NA,Lathyrus pratensis,97
Lemna gibba,7408,2867569,Lemna gibba L.,Lemna gibba,SPECIES,ACCEPTED,97,EXACT,Plantae,Tracheophyta,Alismatales,Araceae,Lemna,Lemna gibba,6,7707728,196,551,6979,2867567,2867569,FALSE,Liliopsida,NA,Lemna gibba,98
Lemna minor,7409,2867589,Lemna minor L.,Lemna minor,SPECIES,ACCEPTED,98,EXACT,Plantae,Tracheophyta,Alismatales,Araceae,Lemna,Lemna minor,6,7707728,196,551,6979,2867567,2867589,FALSE,Liliopsida,NA,Lemna minor,99
Lemna trisulca,7407,2867579,Lemna trisulca L.,Lemna trisulca,SPECIES,ACCEPTED,99,EXACT,Plantae,Tracheophyta,Alismatales,Araceae,Lemna,Lemna trisulca,6,7707728,196,551,6979,2867567,2867579,FALSE,Liliopsida,NA,Lemna trisulca,100
Leontodon autumnalis,5751,8058115,"Leontodon autumnalis Oeder, 1816",Leontodon autumnalis,SPECIES,ACCEPTED,97,EXACT,Plantae,Tracheophyta,Asterales,Asteraceae,Leontodon,Leontodon autumnalis,6,7707728,220,414,3065,3137422,8058115,FALSE,Magnoliopsida,NA,Leontodon autumnalis,101
Lolium perenne,6839,2706241,Lolium perenne L.,Lolium perenne,SPECIES,ACCEPTED,98,EXACT,Plantae,Tracheophyta,Poales,Poaceae,Lolium,Lolium perenne,6,7707728,196,1369,3073,2706217,2706241,FALSE,Liliopsida,NA,Lolium perenne,102
Lotus pedunculatus,3570,5356854,Lotus pedunculatus Cav.,Lotus pedunculatus,SPECIES,ACCEPTED,99,EXACT,Plantae,Tracheophyta,Fabales,Fabaceae,Lotus,Lotus pedunculatus,6,7707728,220,1370,5386,10220564,5356854,FALSE,Magnoliopsida,NA,Lotus pedunculatus,103
Lycopus europaeus,4831,5341478,Lycopus europaeus L.,Lycopus europaeus,SPECIES,ACCEPTED,97,EXACT,Plantae,Tracheophyta,Lamiales,Lamiaceae,Lycopus,Lycopus europaeus,6,7707728,220,408,2497,2927122,5341478,FALSE,Magnoliopsida,NA,Lycopus europaeus,104
Lychnis flos-cuculi,2092,3085873,Lychnis flos-cuculi L.,Lychnis flos-cuculi,SPECIES,SYNONYM,98,EXACT,Plantae,Tracheophyta,Caryophyllales,Caryophyllaceae,Silene,Silene flos-cuculi,6,7707728,220,422,2518,3085897,5384738,TRUE,Magnoliopsida,5384738,Lychnis flos-cuculi,105
Lysimachia nummularia,4378,3169379,Lysimachia nummularia L.,Lysimachia nummularia,SPECIES,ACCEPTED,99,EXACT,Plantae,Tracheophyta,Ericales,Primulaceae,Lysimachia,Lysimachia nummularia,6,7707728,220,1353,6674,3169330,3169379,FALSE,Magnoliopsida,NA,Lysimachia nummularia,106
Lysimachia thyrsiflora,4381,3169358,Lysimachia thyrsiflora L.,Lysimachia thyrsiflora,SPECIES,ACCEPTED,98,EXACT,Plantae,Tracheophyta,Ericales,Primulaceae,Lysimachia,Lysimachia thyrsiflora,6,7707728,220,1353,6674,3169330,3169358,FALSE,Magnoliopsida,NA,Lysimachia thyrsiflora,107
Lysimachia vulgaris,4377,3169386,Lysimachia vulgaris L.,Lysimachia vulgaris,SPECIES,ACCEPTED,97,EXACT,Plantae,Tracheophyta,Ericales,Primulaceae,Lysimachia,Lysimachia vulgaris,6,7707728,220,1353,6674,3169330,3169386,FALSE,Magnoliopsida,NA,Lysimachia vulgaris,108
Mentha aquatica,4839,2927208,Mentha aquatica L.,Mentha aquatica,SPECIES,ACCEPTED,98,EXACT,Plantae,Tracheophyta,Lamiales,Lamiaceae,Mentha,Mentha aquatica,6,7707728,220,408,2497,2927173,2927208,FALSE,Magnoliopsida,NA,Mentha aquatica,109
Erythranthe guttata,4957,7346102,Erythranthe guttata (DC.) G.L.Nesom,Erythranthe guttata,SPECIES,ACCEPTED,99,EXACT,Plantae,Tracheophyta,Lamiales,Phrymaceae,Erythranthe,Erythranthe guttata,6,7707728,220,408,4194986,3171742,7346102,FALSE,Magnoliopsida,NA,Erythranthe guttata,110
Montia fontana,1941,9004024,Montia fontana L.,Montia fontana,SPECIES,ACCEPTED,97,EXACT,Plantae,Tracheophyta,Caryophyllales,Montiaceae,Montia,Montia fontana,6,7707728,220,422,4898338,3084779,9004024,FALSE,Magnoliopsida,NA,Montia fontana,111
Myosotis laxa ssp. caespitosa,4672,7465016,Myosotis laxa subsp. caespitosa (Schultz) Hyl. ex Nordh.,Myosotis laxa caespitosa,SUBSPECIES,SYNONYM,97,EXACT,Plantae,Tracheophyta,Boraginales,Boraginaceae,Myosotis,Myosotis laxa,6,7707728,220,7226464,2498,2925668,5341182,TRUE,Magnoliopsida,5341182,Myosotis laxa ssp. caespitosa,112
Myosotis scorpioides,4676,5341184,Myosotis scorpioides L.,Myosotis scorpioides,SPECIES,ACCEPTED,97,EXACT,Plantae,Tracheophyta,Boraginales,Boraginaceae,Myosotis,Myosotis scorpioides,6,7707728,220,7226464,2498,2925668,5341184,FALSE,Magnoliopsida,NA,Myosotis scorpioides,113
Myriophyllum alterniflorum,4080,5361773,Myriophyllum alterniflorum DC.,Myriophyllum alterniflorum,SPECIES,ACCEPTED,99,EXACT,Plantae,Tracheophyta,Saxifragales,Haloragaceae,Myriophyllum,Myriophyllum alterniflorum,6,7707728,220,7219248,6694,2984253,5361773,FALSE,Magnoliopsida,NA,Myriophyllum alterniflorum,114
Myrica gale,1521,5414202,Myrica gale L.,Myrica gale,SPECIES,ACCEPTED,99,EXACT,Plantae,Tracheophyta,Fagales,Myricaceae,Myrica,Myrica gale,6,7707728,220,1354,2432,5938218,5414202,FALSE,Magnoliopsida,NA,Myrica gale,115
Myriophyllum spicatum,4078,5361760,Myriophyllum spicatum L.,Myriophyllum spicatum,SPECIES,ACCEPTED,97,EXACT,Plantae,Tracheophyta,Saxifragales,Haloragaceae,Myriophyllum,Myriophyllum spicatum,6,7707728,220,7219248,6694,2984253,5361760,FALSE,Magnoliopsida,NA,Myriophyllum spicatum,116
Myriophyllum verticillatum,4077,5361779,Myriophyllum verticillatum L.,Myriophyllum verticillatum,SPECIES,ACCEPTED,98,EXACT,Plantae,Tracheophyta,Saxifragales,Haloragaceae,Myriophyllum,Myriophyllum verticillatum,6,7707728,220,7219248,6694,2984253,5361779,FALSE,Magnoliopsida,NA,Myriophyllum verticillatum,117
Nasturtium microphyllum,2556,9184619,Nasturtium microphyllum (Boenn. ex Rchb.) Rchb.,Nasturtium microphyllum,SPECIES,ACCEPTED,97,EXACT,Plantae,Tracheophyta,Brassicales,Brassicaceae,Nasturtium,Nasturtium microphyllum,6,7707728,220,7225535,3112,7774084,9184619,FALSE,Magnoliopsida,NA,Nasturtium microphyllum,118
Nasturtium officinale,2555,7701037,Nasturtium officinale R.Br.,Nasturtium officinale,SPECIES,ACCEPTED,97,EXACT,Plantae,Tracheophyta,Brassicales,Brassicaceae,Nasturtium,Nasturtium officinale,6,7707728,220,7225535,3112,7774084,7701037,FALSE,Magnoliopsida,NA,Nasturtium officinale,119
Nuphar lutea,2386,7551339,Nuphar lutea (L.) Sibth. & Sm.,Nuphar lutea,SPECIES,ACCEPTED,98,EXACT,Plantae,Tracheophyta,Nymphaeales,Nymphaeaceae,Nuphar,Nuphar lutea,6,7707728,220,636,2423,2882408,7551339,FALSE,Magnoliopsida,NA,Nuphar lutea,120
Oenanthe fluviatilis,4165,5540419,Oenanthe fluviatilis (Bab.) Coleman,Oenanthe fluviatilis,SPECIES,ACCEPTED,99,EXACT,Plantae,Tracheophyta,Apiales,Apiaceae,Oenanthe,Oenanthe fluviatilis,6,7707728,220,1351,6720,3034893,5540419,FALSE,Magnoliopsida,NA,Oenanthe fluviatilis,121
Ononis spinosa ssp. maritime,3478,2977157,Ononis spinosa subsp. maritima (Dumort.) P.Fourn.,Ononis spinosa maritima,SUBSPECIES,SYNONYM,95,FUZZY,Plantae,Tracheophyta,Fabales,Fabaceae,Ononis,Ononis spinosa,6,7707728,220,1370,5386,2977094,2977149,TRUE,Magnoliopsida,2977156,Ononis spinosa ssp. maritime,122
Persicaria amphibia,1652,6391648,Persicaria amphibia (L.) Gray,Persicaria amphibia,SPECIES,ACCEPTED,97,EXACT,Plantae,Tracheophyta,Caryophyllales,Polygonaceae,Persicaria,Persicaria amphibia,6,7707728,220,422,2416,6390748,6391648,FALSE,Magnoliopsida,NA,Persicaria amphibia,123
Persicaria hydropiper,1644,8323622,Persicaria hydropiper (L.) Spach,Persicaria hydropiper,SPECIES,ACCEPTED,97,EXACT,Plantae,Tracheophyta,Caryophyllales,Polygonaceae,Persicaria,Persicaria hydropiper,6,7707728,220,422,2416,6390748,8323622,FALSE,Magnoliopsida,NA,Persicaria hydropiper,124
Persicaria maculosa,1647,6391194,Persicaria maculosa Gray,Persicaria maculosa,SPECIES,ACCEPTED,99,EXACT,Plantae,Tracheophyta,Caryophyllales,Polygonaceae,Persicaria,Persicaria maculosa,6,7707728,220,422,2416,6390748,6391194,FALSE,Magnoliopsida,NA,Persicaria maculosa,125
Petasites hybridus,5607,9490132,"Petasites hybridus (L.) G.Gaertn., B.Mey. & Scherb.",Petasites hybridus,SPECIES,ACCEPTED,98,EXACT,Plantae,Tracheophyta,Asterales,Asteraceae,Petasites,Petasites hybridus,6,7707728,220,414,3065,10717129,9490132,FALSE,Magnoliopsida,NA,Petasites hybridus,126
Phalaris arundinacea,7257,5289756,Phalaris arundinacea L.,Phalaris arundinacea,SPECIES,ACCEPTED,98,EXACT,Plantae,Tracheophyta,Poales,Poaceae,Phalaris,Phalaris arundinacea,6,7707728,196,1369,3073,2703277,5289756,FALSE,Liliopsida,NA,Phalaris arundinacea,127
Phleum pratense,7224,9014945,Phleum pratense L.,Phleum pratense,SPECIES,ACCEPTED,99,EXACT,Plantae,Tracheophyta,Poales,Poaceae,Phleum,Phleum pratense,6,7707728,196,1369,3073,2706001,9014945,FALSE,Liliopsida,NA,Phleum pratense,128
Phragmites australis,7286,5290149,Phragmites australis (Cav.) Trin. ex Steud.,Phragmites australis,SPECIES,ACCEPTED,97,EXACT,Plantae,Tracheophyta,Poales,Poaceae,Phragmites,Phragmites australis,6,7707728,196,1369,3073,2705783,5290149,FALSE,Liliopsida,NA,Phragmites australis,129
Poa pratensis,6868,2704178,Poa pratensis L.,Poa pratensis,SPECIES,ACCEPTED,97,EXACT,Plantae,Tracheophyta,Poales,Poaceae,Poa,Poa pratensis,6,7707728,196,1369,3073,2704173,2704178,FALSE,Liliopsida,NA,Poa pratensis,130
Poa trivialis,6865,8300875,Poa trivialis L.,Poa trivialis,SPECIES,ACCEPTED,98,EXACT,Plantae,Tracheophyta,Poales,Poaceae,Poa,Poa trivialis,6,7707728,196,1369,3073,2704173,8300875,FALSE,Liliopsida,NA,Poa trivialis,131
Potamogeton alpinus,6458,5301175,Potamogeton alpinus Balb.,Potamogeton alpinus,SPECIES,ACCEPTED,98,EXACT,Plantae,Tracheophyta,Alismatales,Potamogetonaceae,Potamogeton,Potamogeton alpinus,6,7707728,196,551,6721,2756560,5301175,FALSE,Liliopsida,NA,Potamogeton alpinus,132
Potamogeton berchtoldii,6475,6389089,Potamogeton berchtoldii Fieber,Potamogeton berchtoldii,SPECIES,ACCEPTED,99,EXACT,Plantae,Tracheophyta,Alismatales,Potamogetonaceae,Potamogeton,Potamogeton berchtoldii,6,7707728,196,551,6721,2756560,6389089,FALSE,Liliopsida,NA,Potamogeton berchtoldii,133
Potamogeton crispus,6487,5301162,Potamogeton crispus L.,Potamogeton crispus,SPECIES,ACCEPTED,98,EXACT,Plantae,Tracheophyta,Alismatales,Potamogetonaceae,Potamogeton,Potamogeton crispus,6,7707728,196,551,6721,2756560,5301162,FALSE,Liliopsida,NA,Potamogeton crispus,134
Potamogeton friesii,6468,5301204,Potamogeton friesii Rupr.,Potamogeton friesii,SPECIES,ACCEPTED,99,EXACT,Plantae,Tracheophyta,Alismatales,Potamogetonaceae,Potamogeton,Potamogeton friesii,6,7707728,196,551,6721,2756560,5301204,FALSE,Liliopsida,NA,Potamogeton friesii,135
Potamogeton gramineus,6449,5301183,Potamogeton gramineus L.,Potamogeton gramineus,SPECIES,ACCEPTED,99,EXACT,Plantae,Tracheophyta,Alismatales,Potamogetonaceae,Potamogeton,Potamogeton gramineus,6,7707728,196,551,6721,2756560,5301183,FALSE,Liliopsida,NA,Potamogeton gramineus,136
Potamogeton lucens,6445,5301141,Potamogeton lucens L.,Potamogeton lucens,SPECIES,ACCEPTED,97,EXACT,Plantae,Tracheophyta,Alismatales,Potamogetonaceae,Potamogeton,Potamogeton lucens,6,7707728,196,551,6721,2756560,5301141,FALSE,Liliopsida,NA,Potamogeton lucens,137
Potamogeton natans,6438,5301147,Potamogeton natans L.,Potamogeton natans,SPECIES,ACCEPTED,98,EXACT,Plantae,Tracheophyta,Alismatales,Potamogetonaceae,Potamogeton,Potamogeton natans,6,7707728,196,551,6721,2756560,5301147,FALSE,Liliopsida,NA,Potamogeton natans,138
Potamogeton pectinatus,6495,8356154,Potamogeton pectinatus L.,Potamogeton pectinatus,SPECIES,SYNONYM,98,EXACT,Plantae,Tracheophyta,Alismatales,Potamogetonaceae,Stuckenia,Stuckenia pectinata,6,7707728,196,551,6721,2756544,7871428,TRUE,Liliopsida,7871428,Potamogeton pectinatus,139
Potamogeton perfoliatus,6466,5301200,Potamogeton perfoliatus L.,Potamogeton perfoliatus,SPECIES,ACCEPTED,99,EXACT,Plantae,Tracheophyta,Alismatales,Potamogetonaceae,Potamogeton,Potamogeton perfoliatus,6,7707728,196,551,6721,2756560,5301200,FALSE,Liliopsida,NA,Potamogeton perfoliatus,140
Potamogeton praelongus,6465,5301213,Potamogeton praelongus Wulfen,Potamogeton praelongus,SPECIES,ACCEPTED,97,EXACT,Plantae,Tracheophyta,Alismatales,Potamogetonaceae,Potamogeton,Potamogeton praelongus,6,7707728,196,551,6721,2756560,5301213,FALSE,Liliopsida,NA,Potamogeton praelongus,141
Potentilla reptans,3165,5367273,Potentilla reptans L.,Potentilla reptans,SPECIES,ACCEPTED,97,EXACT,Plantae,Tracheophyta,Rosales,Rosaceae,Potentilla,Potentilla reptans,6,7707728,220,691,5015,8079058,5367273,FALSE,Magnoliopsida,NA,Potentilla reptans,142
Ranunculus acris,2283,3033363,Ranunculus acris L.,Ranunculus acris,SPECIES,ACCEPTED,97,EXACT,Plantae,Tracheophyta,Ranunculales,Ranunculaceae,Ranunculus,Ranunculus acris,6,7707728,220,399,2410,3033294,3033363,FALSE,Magnoliopsida,NA,Ranunculus acris,143
Ranunculus aquatilis,2330,3033464,Ranunculus aquatilis L.,Ranunculus aquatilis,SPECIES,ACCEPTED,97,EXACT,Plantae,Tracheophyta,Ranunculales,Ranunculaceae,Ranunculus,Ranunculus aquatilis,6,7707728,220,399,2410,3033294,3033464,FALSE,Magnoliopsida,NA,Ranunculus aquatilis,144
Ranunculus baudotii,2326,3923698,Ranunculus baudotii Godr.,Ranunculus baudotii,SPECIES,SYNONYM,98,EXACT,Plantae,Tracheophyta,Ranunculales,Ranunculaceae,Ranunculus,Ranunculus peltatus,6,7707728,220,399,2410,3033294,8365713,TRUE,Magnoliopsida,3929630,Ranunculus baudotii,145
Ranunculus circinatus,2333,3033382,Ranunculus circinatus Sibth.,Ranunculus circinatus,SPECIES,ACCEPTED,99,EXACT,Plantae,Tracheophyta,Ranunculales,Ranunculaceae,Ranunculus,Ranunculus circinatus,6,7707728,220,399,2410,3033294,3033382,FALSE,Magnoliopsida,NA,Ranunculus circinatus,146
Ranunculus peltatus,2327,8365713,Ranunculus peltatus Schrank,Ranunculus peltatus,SPECIES,ACCEPTED,97,EXACT,Plantae,Tracheophyta,Ranunculales,Ranunculaceae,Ranunculus,Ranunculus peltatus,6,7707728,220,399,2410,3033294,8365713,FALSE,Magnoliopsida,NA,Ranunculus peltatus,147
Ranunculus repens,2281,3033339,Ranunculus repens L.,Ranunculus repens,SPECIES,ACCEPTED,98,EXACT,Plantae,Tracheophyta,Ranunculales,Ranunculaceae,Ranunculus,Ranunculus repens,6,7707728,220,399,2410,3033294,3033339,FALSE,Magnoliopsida,NA,Ranunculus repens,148
Ranunculus sceleratus,2303,3033374,Ranunculus sceleratus L.,Ranunculus sceleratus,SPECIES,ACCEPTED,99,EXACT,Plantae,Tracheophyta,Ranunculales,Ranunculaceae,Ranunculus,Ranunculus sceleratus,6,7707728,220,399,2410,3033294,3033374,FALSE,Magnoliopsida,NA,Ranunculus sceleratus,149
Rorippa amphibia,2562,3053201,Rorippa amphibia (L.) Besser,Rorippa amphibia,SPECIES,ACCEPTED,98,EXACT,Plantae,Tracheophyta,Brassicales,Brassicaceae,Rorippa,Rorippa amphibia,6,7707728,220,7225535,3112,3053118,3053201,FALSE,Magnoliopsida,NA,Rorippa amphibia,150
Rorippa palustris,2559,3053168,Rorippa palustris (L.) Besser,Rorippa palustris,SPECIES,ACCEPTED,97,EXACT,Plantae,Tracheophyta,Brassicales,Brassicaceae,Rorippa,Rorippa palustris,6,7707728,220,7225535,3112,3053118,3053168,FALSE,Magnoliopsida,NA,Rorippa palustris,151
Rubus idaeus,2960,2993094,Rubus idaeus L.,Rubus idaeus,SPECIES,ACCEPTED,97,EXACT,Plantae,Tracheophyta,Rosales,Rosaceae,Rubus,Rubus idaeus,6,7707728,220,691,5015,2988638,2993094,FALSE,Magnoliopsida,NA,Rubus idaeus,152
Rumex acetosa,1686,2888951,Rumex acetosa L.,Rumex acetosa,SPECIES,ACCEPTED,99,EXACT,Plantae,Tracheophyta,Caryophyllales,Polygonaceae,Rumex,Rumex acetosa,6,7707728,220,422,2416,2888942,2888951,FALSE,Magnoliopsida,NA,Rumex acetosa,153
Rumex aquaticus,1698,2888992,Rumex aquaticus L.,Rumex aquaticus,SPECIES,ACCEPTED,97,EXACT,Plantae,Tracheophyta,Caryophyllales,Polygonaceae,Rumex,Rumex aquaticus,6,7707728,220,422,2416,2888942,2888992,FALSE,Magnoliopsida,NA,Rumex aquaticus,154
Rumex conglomeratus,1724,2888963,Rumex conglomeratus Murray,Rumex conglomeratus,SPECIES,ACCEPTED,99,EXACT,Plantae,Tracheophyta,Caryophyllales,Polygonaceae,Rumex,Rumex conglomeratus,6,7707728,220,422,2416,2888942,2888963,FALSE,Magnoliopsida,NA,Rumex conglomeratus,155
Rumex crispus,1715,8195144,Rumex crispus L.,Rumex crispus,SPECIES,ACCEPTED,97,EXACT,Plantae,Tracheophyta,Caryophyllales,Polygonaceae,Rumex,Rumex crispus,6,7707728,220,422,2416,2888942,8195144,FALSE,Magnoliopsida,NA,Rumex crispus,156
Rumex hydrolapathum,1712,7291247,Rumex hydrolapathum (Scop.) Huds.,Rumex hydrolapathum,SPECIES,ACCEPTED,97,EXACT,Plantae,Tracheophyta,Caryophyllales,Polygonaceae,Rumex,Rumex hydrolapathum,6,7707728,220,422,2416,2888942,7291247,FALSE,Magnoliopsida,NA,Rumex hydrolapathum,157
Rumex obtusifolius,1733,2889011,Rumex obtusifolius L.,Rumex obtusifolius,SPECIES,ACCEPTED,97,EXACT,Plantae,Tracheophyta,Caryophyllales,Polygonaceae,Rumex,Rumex obtusifolius,6,7707728,220,422,2416,2888942,2889011,FALSE,Magnoliopsida,NA,Rumex obtusifolius,158
Rumex sanguineus,1730,2888960,Rumex sanguineus L.,Rumex sanguineus,SPECIES,ACCEPTED,97,EXACT,Plantae,Tracheophyta,Caryophyllales,Polygonaceae,Rumex,Rumex sanguineus,6,7707728,220,422,2416,2888942,2888960,FALSE,Magnoliopsida,NA,Rumex sanguineus,159
Sagittaria sagittifolia,6396,5328882,Sagittaria sagittifolia L.,Sagittaria sagittifolia,SPECIES,ACCEPTED,98,EXACT,Plantae,Tracheophyta,Alismatales,Alismataceae,Sagittaria,Sagittaria sagittifolia,6,7707728,196,551,3720,2766037,5328882,FALSE,Liliopsida,NA,Sagittaria sagittifolia,160
Salix cinerea,1404,5372605,Salix cinerea L.,Salix cinerea,SPECIES,ACCEPTED,97,EXACT,Plantae,Tracheophyta,Malpighiales,Salicaceae,Salix,Salix cinerea,6,7707728,220,1414,6664,3039576,5372605,FALSE,Magnoliopsida,NA,Salix cinerea,161
Schoenoplectus lacustris,7448,2710941,Schoenoplectus lacustris (L.) Palla,Schoenoplectus lacustris,SPECIES,ACCEPTED,98,EXACT,Plantae,Tracheophyta,Poales,Cyperaceae,Schoenoplectus,Schoenoplectus lacustris,6,7707728,196,1369,7708,2710907,2710941,FALSE,Liliopsida,NA,Schoenoplectus lacustris,162
Scirpus sylvaticus,7444,2720080,Scirpus sylvaticus L.,Scirpus sylvaticus,SPECIES,ACCEPTED,97,EXACT,Plantae,Tracheophyta,Poales,Cyperaceae,Scirpus,Scirpus sylvaticus,6,7707728,196,1369,7708,2720078,2720080,FALSE,Liliopsida,NA,Scirpus sylvaticus,163
Scutellaria galericulata,4733,2926759,Scutellaria galericulata L.,Scutellaria galericulata,SPECIES,ACCEPTED,99,EXACT,Plantae,Tracheophyta,Lamiales,Lamiaceae,Scutellaria,Scutellaria galericulata,6,7707728,220,408,2497,2926730,2926759,FALSE,Magnoliopsida,NA,Scutellaria galericulata,164
Senecio aquaticus,5634,7908427,"Senecio aquaticus Loisel., 1807",Senecio aquaticus,SPECIES,ACCEPTED,97,EXACT,Plantae,Tracheophyta,Asterales,Asteraceae,Senecio,Senecio aquaticus,6,7707728,220,414,3065,3106738,7908427,FALSE,Magnoliopsida,NA,Senecio aquaticus,165
Sium latifolium,4155,3034530,Sium latifolium L.,Sium latifolium,SPECIES,ACCEPTED,97,EXACT,Plantae,Tracheophyta,Apiales,Apiaceae,Sium,Sium latifolium,6,7707728,220,1351,6720,3034525,3034530,FALSE,Magnoliopsida,NA,Sium latifolium,166
Solanum dulcamara,4917,2932737,Solanum dulcamara L.,Solanum dulcamara,SPECIES,ACCEPTED,97,EXACT,Plantae,Tracheophyta,Solanales,Solanaceae,Solanum,Solanum dulcamara,6,7707728,220,1176,7717,2928997,2932737,FALSE,Magnoliopsida,NA,Solanum dulcamara,167
Sparganium emersum,7419,2702266,Sparganium emersum Rehmann,Sparganium emersum,SPECIES,ACCEPTED,99,EXACT,Plantae,Tracheophyta,Poales,Typhaceae,Sparganium,Sparganium emersum,6,7707728,196,1369,4246,2702260,2702266,FALSE,Liliopsida,NA,Sparganium emersum,168
Sparganium erectum,7413,7679536,Sparganium erectum L.,Sparganium erectum,SPECIES,ACCEPTED,98,EXACT,Plantae,Tracheophyta,Poales,Typhaceae,Sparganium,Sparganium erectum,6,7707728,196,1369,4246,2702260,7679536,FALSE,Liliopsida,NA,Sparganium erectum,169
Spirodela polyrhiza,7411,4097481,Spirodela polyrhiza (L.) Schleid.,Spirodela polyrhiza,SPECIES,ACCEPTED,99,EXACT,Plantae,Tracheophyta,Alismatales,Araceae,Spirodela,Spirodela polyrhiza,6,7707728,196,551,6979,2867778,4097481,FALSE,Liliopsida,NA,Spirodela polyrhiza,170
Stachys palustris,4774,2927245,Stachys palustris L.,Stachys palustris,SPECIES,ACCEPTED,98,EXACT,Plantae,Tracheophyta,Lamiales,Lamiaceae,Stachys,Stachys palustris,6,7707728,220,408,2497,2927228,2927245,FALSE,Magnoliopsida,NA,Stachys palustris,171
Stachys sylvatica,4773,2927282,Stachys sylvatica L.,Stachys sylvatica,SPECIES,ACCEPTED,98,EXACT,Plantae,Tracheophyta,Lamiales,Lamiaceae,Stachys,Stachys sylvatica,6,7707728,220,408,2497,2927228,2927282,FALSE,Magnoliopsida,NA,Stachys sylvatica,172
Stellaria alsine,1987,5384606,Stellaria alsine Grimm,Stellaria alsine,SPECIES,ACCEPTED,97,EXACT,Plantae,Tracheophyta,Caryophyllales,Caryophyllaceae,Stellaria,Stellaria alsine,6,7707728,220,422,2518,3085667,5384606,FALSE,Magnoliopsida,NA,Stellaria alsine,173
Stellaria graminea,1991,5384616,Stellaria graminea L.,Stellaria graminea,SPECIES,ACCEPTED,97,EXACT,Plantae,Tracheophyta,Caryophyllales,Caryophyllaceae,Stellaria,Stellaria graminea,6,7707728,220,422,2518,3085667,5384616,FALSE,Magnoliopsida,NA,Stellaria graminea,174
Stellaria holostea,1986,5384676,Stellaria holostea L.,Stellaria holostea,SPECIES,SYNONYM,98,EXACT,Plantae,Tracheophyta,Caryophyllales,Caryophyllaceae,Rabelera,Rabelera holostea,6,7707728,220,422,2518,11086674,11071158,TRUE,Magnoliopsida,11071158,Stellaria holostea,175
Stellaria media,1983,5384604,Stellaria media (L.) Vill.,Stellaria media,SPECIES,ACCEPTED,97,EXACT,Plantae,Tracheophyta,Caryophyllales,Caryophyllaceae,Stellaria,Stellaria media,6,7707728,220,422,2518,3085667,5384604,FALSE,Magnoliopsida,NA,Stellaria media,176
Stellaria nemorum,1980,6363434,Stellaria nemorum L.,Stellaria nemorum,SPECIES,ACCEPTED,97,EXACT,Plantae,Tracheophyta,Caryophyllales,Caryophyllaceae,Stellaria,Stellaria nemorum,6,7707728,220,422,2518,3085667,6363434,FALSE,Magnoliopsida,NA,Stellaria nemorum,177
Stellaria palustris,1988,8407946,Stellaria palustris Ehrh. ex Retz.,Stellaria palustris,SPECIES,ACCEPTED,97,EXACT,Plantae,Tracheophyta,Caryophyllales,Caryophyllaceae,Stellaria,Stellaria palustris,6,7707728,220,422,2518,3085667,8407946,FALSE,Magnoliopsida,NA,Stellaria palustris,178
Symphytum x uplandicum,4627,2926068,Symphytum ×uplandicum Nyman,Symphytum uplandicum,SPECIES,ACCEPTED,99,EXACT,Plantae,Tracheophyta,Boraginales,Boraginaceae,Symphytum,Symphytum uplandicum,6,7707728,220,7226464,2498,2926061,2926068,FALSE,Magnoliopsida,NA,Symphytum x uplandicum,179
Taraxacum,5814,7787708,Taraxacum Weber,Taraxacum,GENUS,ACCEPTED,94,EXACT,Plantae,Tracheophyta,Asterales,Asteraceae,Taraxacum,NA,6,7707728,220,414,3065,7787708,NA,FALSE,Magnoliopsida,NA,Taraxacum,180
Tripleurospermum perforatum,5543,3104190,Tripleurospermum perforatum (Mérat) Wagenitz,Tripleurospermum perforatum,SPECIES,SYNONYM,97,EXACT,Plantae,Tracheophyta,Asterales,Asteraceae,Tripleurospermum,Tripleurospermum inodorum,6,7707728,220,414,3065,3104137,3104179,TRUE,Magnoliopsida,3104179,Tripleurospermum perforatum,181
Trifolium repens,3526,5358748,Trifolium repens L.,Trifolium repens,SPECIES,ACCEPTED,97,EXACT,Plantae,Tracheophyta,Fabales,Fabaceae,Trifolium,Trifolium repens,6,7707728,220,1370,5386,2973363,5358748,FALSE,Magnoliopsida,NA,Trifolium repens,182
Typha angustifolia,7439,5289461,Typha angustifolia L.,Typha angustifolia,SPECIES,ACCEPTED,97,EXACT,Plantae,Tracheophyta,Poales,Typhaceae,Typha,Typha angustifolia,6,7707728,196,1369,4246,2702102,5289461,FALSE,Liliopsida,NA,Typha angustifolia,183
Typha latifolia,7441,5289423,Typha latifolia L.,Typha latifolia,SPECIES,ACCEPTED,98,EXACT,Plantae,Tracheophyta,Poales,Typhaceae,Typha,Typha latifolia,6,7707728,196,1369,4246,2702102,5289423,FALSE,Liliopsida,NA,Typha latifolia,184
Urtica dioica,1595,7960979,Urtica dioica L.,Urtica dioica,SPECIES,ACCEPTED,97,EXACT,Plantae,Tracheophyta,Rosales,Urticaceae,Urtica,Urtica dioica,6,7707728,220,691,6639,2984391,7960979,FALSE,Magnoliopsida,NA,Urtica dioica,185
Valeriana sambucifolia ssp. sambucifolia,5291,9726627,Valeriana sambucifolia subsp. sambucifolia,Valeriana sambucifolia sambucifolia,SUBSPECIES,SYNONYM,98,EXACT,Plantae,Tracheophyta,Dipsacales,Caprifoliaceae,Valeriana,Valeriana excelsa,6,7707728,220,946,6710,2888741,8188719,TRUE,Magnoliopsida,8691051,Valeriana sambucifolia ssp. sambucifolia,186
Veronica anagallis-aquatica,5041,3172086,Veronica anagallis-aquatica L.,Veronica anagallis-aquatica,SPECIES,ACCEPTED,99,EXACT,Plantae,Tracheophyta,Lamiales,Plantaginaceae,Veronica,Veronica anagallis-aquatica,6,7707728,220,408,2420,3172047,3172086,FALSE,Magnoliopsida,NA,Veronica anagallis-aquatica,187
Veronica beccabunga,5039,3172062,Veronica beccabunga L.,Veronica beccabunga,SPECIES,ACCEPTED,97,EXACT,Plantae,Tracheophyta,Lamiales,Plantaginaceae,Veronica,Veronica beccabunga,6,7707728,220,408,2420,3172047,3172062,FALSE,Magnoliopsida,NA,Veronica beccabunga,188
Veronica catenata,5045,3172092,Veronica catenata Pennell,Veronica catenata,SPECIES,ACCEPTED,99,EXACT,Plantae,Tracheophyta,Lamiales,Plantaginaceae,Veronica,Veronica catenata,6,7707728,220,408,2420,3172047,3172092,FALSE,Magnoliopsida,NA,Veronica catenata,189
Veronica montana,5035,8328247,Veronica montana L.,Veronica montana,SPECIES,ACCEPTED,97,EXACT,Plantae,Tracheophyta,Lamiales,Plantaginaceae,Veronica,Veronica montana,6,7707728,220,408,2420,3172047,8328247,FALSE,Magnoliopsida,NA,Veronica montana,190
Veronica scutellata,5036,3172072,Veronica scutellata L.,Veronica scutellata,SPECIES,ACCEPTED,99,EXACT,Plantae,Tracheophyta,Lamiales,Plantaginaceae,Veronica,Veronica scutellata,6,7707728,220,408,2420,3172047,3172072,FALSE,Magnoliopsida,NA,Veronica scutellata,191
Vicia cracca,3403,2975287,Vicia cracca L.,Vicia cracca,SPECIES,ACCEPTED,98,EXACT,Plantae,Tracheophyta,Fabales,Fabaceae,Vicia,Vicia cracca,6,7707728,220,1370,5386,2974751,2975287,FALSE,Magnoliopsida,NA,Vicia cracca,192
Viola palustris,3909,5331355,Viola palustris L.,Viola palustris,SPECIES,ACCEPTED,99,EXACT,Plantae,Tracheophyta,Malpighiales,Violaceae,Viola,Viola palustris,6,7707728,220,1414,6631,2874237,5331355,FALSE,Magnoliopsida,NA,Viola palustris,193
Zannichellia palustris,6513,2756540,Zannichellia palustris L.,Zannichellia palustris,SPECIES,ACCEPTED,99,EXACT,Plantae,Tracheophyta,Alismatales,Potamogetonaceae,Zannichellia,Zannichellia palustris,6,7707728,196,551,6721,2652929,2756540,FALSE,Liliopsida,NA,Zannichellia palustris,194
